ID	BETA	ALLELE
rs9275490	G	2.078322791
rs2395228	C	1.262934491
rs9405117	A	1.391622143
rs12527228	T	-0.460923538
rs10947332	A	-0.029482468
rs1281935	T	-0.645766009
rs1049124	A	-0.753711742
rs62406889	T	-2.216390883
rs17840116	C	-0.629522264
rs9469200	C	-1.322737947
rs117806464	A	0.479640792
rs28746898	G	-2.35527726
rs1794265	G	-0.88501835
rs9273076	T	-1.426890964
rs540653847	GC	1.78
rs9271351	G	1.69
rs9268500	C	1.24
rs1281934	G	0.9
rs2567287	A	0.84
rs75658393	T	0.81
rs72848653	T	0.78
rs1233320	G	0.74
rs9269173	A	0.67
rs9500974	T	0.63
rs12189871	T	0.45
rs12153924	A	0.44
rs9266268	A	0.39
rs9259013	T	0.31
rs3129197	A	0.24
rs17214657	C	-0.19
rs9378176	G	-0.49
rs2524277	A	-0.6
rs6934289	C	-0.68
rs16899379	A	-0.83
rs149663102	T	-0.94
rs3842753	G	0.83
rs6679677	A	0.64
rs2289702	C	0.28
rs653178	C	0.26
rs4948088	C	0.26
rs9924471	A	0.22
rs4759229	A	0.22
rs1893217	G	0.19
rs72928038	A	0.18
rs60888743	A	0.18
rs11170466	T	0.17
rs9981624	C	0.17
rs9388489	A	0.16
rs5763779	A	0.15
rs425105	T	0.15
rs72727394	T	0.14
rs17388568	A	0.12
rs1615504	T	0.12
rs6476839	T	0.11
rs9585056	C	0.11
rs229541	A	0.1
rs2281808	C	0.1
rs1738074	C	0.08
rs56994090	C	-0.13
rs10492166	A	-0.14
rs3024505	A	-0.15
rs2111485	G	0.16
rs3087243	A	-0.17
rs12708716	G	-0.19
rs144309607	T	-0.4
rs61839660	T	-0.48
rs41295121	T	-0.71
