ID	BETA	ALLELE
rs9275490	G	2.078322791
rs2395228	C	1.262934491
rs9405117	A	1.391622143
rs12527228	T	-0.460923538
rs10947332	A	-0.029482468
rs1281935	T	-0.645766009
rs1049124	A	-0.753711742
rs62406889	T	-2.216390883
rs17840116	C	-0.629522264
rs9469200	C	-1.322737947
rs117806464	A	0.479640792
rs28746898	G	-2.35527726
rs1794265	G	-0.88501835
rs9273076	T	-1.426890964
