ALLELE1	ALLELE2	BETA
DQ25	DQ81	0.291012
DQ73	DQ51	0.730044
DQ81	DQ81	-1.02138
DQ73	DQ81	-1.26077
DQ25	DQ73	-1.1306
DQ73	DQ22	0.708056
DQ42	DQ22	1.82465
DQ25	DQ51	-0.16863
DQ25	DQ22	-0.338073
DQ25	DQ25	-0.362187
DQ62	DQ62	2.61683
DQ25	DQ75	-0.594
DQ25	DQ63	0.0803492
DQ81	DQ63	1.22211
DQ73	DQ73	0.136714
DQ93	DQ81	-1.16184
DQ73	DQ75	0.50005
DQ25	DQ62	-1.77176
