Param	Estimate	Std_Error	t_value	Pr_gt_t
mid	13.057494	0.1156159	112.9386	1.00262e-181
b	 0.735261	0.0110809	 66.3537	3.24909e-137
